,ID,logP,m3p6,e3p6,m4p5,e4p5,colour,ecolour,id_compare,Target_name,RA_1,Dec_1,source_id,ra_2,ra_error,dec_2,dec_error,parallax,parallax_error,pmra,pmdec,phot_g_mean_mag,bp_rp,radial_velocity,radial_velocity_error,rv_template_logg,rv_template_fe_h,phot_variable_flag,teff_val,a_g_val,Separation,Galaxy
0,SVul,1.835,4.3580000000000005,0.003,4.394,0.003,-0.036000000000000004,0.002,svul,s_vul,297.09916,27.286379999999998,2027971514401523456,297.0991768928588,0.02406433574722832,27.286481851581048,0.028662093972951424,0.3049998095034296,0.04063843715467825,-3.4014915173970923,-5.9228287366077454,8.053449,2.201367,10.461648950835324,2.70265361228126,4.5,0.0,NOT_AVAILABLE,3793.5,,0.37062762010631695,MW
1,GYSge,1.7080000000000002,4.311,0.003,4.345,0.004,-0.034,0.003,gysge,gy_sge,293.80666,19.20222,1825211056159949440,293.8067715126223,0.02954029512231977,19.202388670274306,0.035360047762290014,0.2360667880004048,0.050649949764726816,-1.4879851389085277,-4.3199210837986834,8.815408,2.764813,10.73779215249557,6.370517728836554,4.5,0.0,NOT_AVAILABLE,3502.5024,1.1187,0.7158437083444341,MW
2,SVVul,1.653,3.7110000000000003,0.005,3.7880000000000003,0.005,-0.077,0.003,svvul,sv_vul,297.87875,27.46,2027951173435143680,297.87876445836974,0.019260623597245632,27.46020706685309,0.024925443320687152,0.3728552994205654,0.030349340157764505,-2.1388719815462194,-5.819676330303803,6.869970299999999,1.8920994,3.1815712193298884,4.34414726194784,1.0,0.0,VARIABLE,3986.0598,0.5307,0.7468700811082057,MW
3,UCar,1.589,3.3569999999999998,0.005,3.415,0.006,-0.057999999999999996,0.003,ucar,u_car,164.45083,-59.73222,5338359442320395904,164.45072691323284,0.024662608466877026,-59.73217958160141,0.025608102389162668,0.4789725460644777,0.02934175031712237,-5.965910255186802,2.1714772542897243,6.795809700000001,1.1465983,18.100980910452265,4.5325856361732395,1.0,0.0,VARIABLE,5143.45,,0.236985521729732,MW
4,lCar,1.551,0.925,0.004,1.047,0.004,-0.122,0.003,lcar,l_Car,146.311667,-62.50788000000001,5250032958815432832,146.31159660092175,0.2397093636054766,-62.507868900473525,0.2480825394676389,0.777286446628971,0.2564966040067295,-11.97431088141446,8.491687036262167,7.502631699999999,,,,,,VARIABLE,,,0.12362871870399653,MW
5,TMon,1.432,3.359,0.006,3.425,0.005,-0.066,0.003,tmon,t_mon,96.30416,7.08555,3324535073449061504,96.3041689864363,0.05553933358983349,7.085697688257621,0.056445452178332786,0.5329605449881821,0.06597673017828239,0.7687251283554742,-3.1943251887924884,6.1228223,1.5060228999999998,29.344876067672335,11.794146442674053,1.0,0.0,VARIABLE,4626.0,,0.5326461106932979,MW
6,WZSgr,1.339,4.364,0.006,4.4430000000000005,0.005,-0.079,0.003,wzsgr,wz_sgr,274.24875,-19.07555,4094784475310672128,274.2488214288621,0.056500148877153815,-19.075831364871046,0.06016326767407836,0.513103069763086,0.07734069923494798,1.1445328975432267,-0.2447728195386404,7.652411,1.8202471999999998,7.669087219327881,9.951633439267145,4.5,0.0,VARIABLE,4100.045,,1.0416593813942563,MW
7,RUSct,1.294,4.856,0.005,4.873,0.005,-0.017,0.002,rusct,ru_sct,280.485,-4.11055,4258436301367796480,280.48492496253795,0.05761679802165664,-4.110662959560294,0.05763944753102504,0.4307011757947311,0.07042463140969232,0.2317741294000097,-0.7467090833579911,8.808347,2.2877264,,,,,VARIABLE,4388.5,,0.48781728291188503,MW
8,SZAql,1.234,4.981,0.005,5.032,0.005,-0.051,0.002,szaql,sz_aql,286.16416,1.30611,4267549637851481344,286.1642345250515,0.038347413341981385,1.3061436351235949,0.03780611106633044,0.42102473589381617,0.04492001761544887,0.2852756918637999,-2.5117106108997467,7.9862185,1.7549343000000002,,,,,VARIABLE,3933.3333,0.4703,0.2942858334194864,MW
9,YOph,1.234,2.528,0.002,2.5,0.002,0.027999999999999997,0.001,yoph,Y_Oph,268.16125,-6.14361,4175017625462647168,268.16124480829126,0.06939401124461163,-6.143596439681604,0.06868790218195113,1.361059042016258,0.08344344352410059,-3.233863208016772,-4.646433403546927,5.5648613,2.3543543999999996,-0.3996957602785134,3.5769163559789465,4.5,0.0,VARIABLE,3859.0,,0.052234419638587916,MW
10,CDCyg,1.232,5.477,0.005,5.53,0.005,-0.053,0.002,cdcyg,cd_cyg,301.11082999999996,34.11222,2058374144759464064,301.1106616130615,0.026117524062872974,34.11225029069249,0.025665398293731555,0.3807575167857327,0.033244288008049766,-2.001121976389968,-5.561868655138365,8.637457000000001,1.7309322,,,,,VARIABLE,4119.467000000001,,0.5136014911989256,MW
11,XCyg,1.214,3.678,0.005,3.728,0.005,-0.05,0.002,xcyg,X_Cyg,310.85083,35.58777,1870258975238302208,310.85076345786524,0.019116769642181317,35.58777728102456,0.020563349395409183,0.8982672586263467,0.027007756189095483,-6.796780793880536,-5.00133693966762,6.9698887,1.0525584,,,,,VARIABLE,5143.45,,0.19656489713590303,MW
12,TTAql,1.138,3.875,0.005,3.909,0.004,-0.034,0.002,ttaql,tt_aql,287.05708,1.29861,4267397694768545920,287.0572892939592,0.045545791548218265,1.2986321190011745,0.0438661871052228,0.8880773098797794,0.05447484333684092,-0.27237532554187666,-4.554702816891761,6.945232000000001,1.7441063,,,,,VARIABLE,3955.6667,,0.7574618391720231,MW
13,V340Nor,1.053,5.452999999999999,0.002,5.48,0.002,-0.027000000000000003,0.001,v340nor,V340_Nor,243.32332999999997,-54.234719999999996,5932569709575669504,243.32248385662487,0.04266879787816222,-54.23489647010972,0.021404331642953404,0.487026113718176,0.0534328987030064,-2.098525232073604,-2.51255238337205,8.037764,1.4532199,-41.698031303780496,1.640427336679852,2.0,0.0,VARIABLE,4740.075,,1.8903001287682328,MW
14,TWNor,1.033,6.152,0.003,6.16,0.004,-0.008,0.002,twnor,TW_Nor,241.23,-51.95361,5981406000300438016,241.23009579154674,0.03617782815671114,-51.9535268650364,0.020892647871857926,0.35051871681111224,0.045361480205984614,-2.1940391427965844,-2.835258537565831,10.5042515,2.5493574,-59.66370067142907,4.165140293752248,2.0,0.25,NOT_AVAILABLE,3712.01,,0.367071311405544,MW
15,zetaGem,1.0070000000000001,2.025,0.002,2.037,0.003,-0.012,0.001,zetagem,Zeta_Gem,106.02708,20.57027,3366754155291077632,106.02717789987445,0.2972021443574035,20.570294371690366,0.26601938252676044,2.2496770700681155,0.3006087557941395,-6.342494199226874,-1.7073079969778564,4.065783000000001,1.0162146,10.368092367435144,13.058811622763596,1.5,0.25,VARIABLE,5143.45,,0.34143417574126905,MW
16,betaDor,0.993,1.858,0.003,1.871,0.003,-0.013000000000000001,0.002,betador,Beta_Dor,83.40625,-62.48972,4757601523650165120,83.40630967798377,0.2573636753778136,-62.48977125108528,0.29666866588536595,3.1118701982234143,0.28452436159852673,0.8004967763939882,9.4578404074484,5.8134713,,,,,,VARIABLE,,,0.20949839711329069,MW
17,SNor,0.9890000000000001,4.066,0.003,4.085,0.003,-0.019,0.002,snor,S_Nor,244.71582999999998,-57.899719999999995,5835124087174043136,244.71595242468112,0.03727087615527303,-57.89980251724189,0.022118537558094842,1.0615750912204691,0.04220963229268318,-1.4149714383947076,-2.2867223433246053,6.150488,1.2682366000000003,-1.3763386482022335,2.654812561008928,2.0,0.25,VARIABLE,5065.75,,0.3782823028971057,MW
18,SSge,0.9229999999999999,3.6519999999999997,0.003,3.661,0.003,-0.009000000000000001,0.001,ssge,S_Sge,299.005,16.63472,1820309639468685824,299.0052638691185,0.05914538294236826,16.63476448387764,0.05318458359770867,0.6425529353755096,0.09315620122279228,1.7629273706108894,-5.428028782233733,5.718552,1.0886168,-16.4586827913118,3.9784019724887143,1.0,0.25,VARIABLE,5076.0,,0.9241543551331854,MW
19,DLCas,0.903,5.7829999999999995,0.003,5.791,0.003,-0.008,0.001,dlcas,DL_Cas,7.49375,60.211940000000006,428620663657823232,7.494096943580793,0.026028557037513528,60.21195747222775,0.026152621587517744,0.4222300559221184,0.034159352477810705,-2.5690015541236093,-1.4701762469058193,8.575204,1.5618843999999998,,,,,VARIABLE,4397.6353,,0.6236728624455329,MW
20,UVul,0.903,3.7969999999999997,0.003,3.778,0.003,0.019,0.001,uvul,U_Vul,294.15708,20.33305,1825621002188696448,294.15720453209343,0.024772655381799083,20.332931765237802,0.032738266319253265,1.0529894731273517,0.03896729647936743,0.905571173983876,-0.9598756789558418,6.691198299999999,1.8431686999999999,-2.680865078509328,2.5220015278170065,4.5,0.0,VARIABLE,3975.0,0.728,0.5982420897024677,MW
21,WSgr,0.8809999999999999,2.721,0.003,2.719,0.004,0.002,0.001,wsgr,W_Sgr,271.255,-29.58,4050309195613114624,271.25513211863625,0.2928375668150175,-29.580109066979976,0.2726653031233966,1.1797945591076429,0.4125448568152356,4.367513665801583,-5.7694050136906085,7.224647,,-25.443481699626414,6.92369328705624,2.5,0.25,VARIABLE,,,0.5703180755295552,MW
22,etaAql,0.856,1.864,0.003,1.865,0.003,-0.001,0.001,etaaql,Eta_Aql,298.11791,1.00555,4240272953376907648,298.1182422626836,0.41398277011336,1.0056231429433782,0.3637878790197315,2.612058742147453,0.4853947331323922,7.626831604317554,-8.7116281283426,6.984803,,,,,,NOT_AVAILABLE,,,1.2246053833042059,MW
23,UAql,0.847,3.738,0.003,3.736,0.003,0.002,0.001,uaql,U_Aql,292.33875,-7.044160000000001,4207681367143932800,292.3390103696164,0.09377122047359224,-7.04412430545741,0.08223272786601478,0.960059200414642,0.10477760811453322,1.9830822441104652,-12.822719243128887,9.442853999999999,1.0204434,-5.710186623792667,5.851657687795647,4.5,0.0,VARIABLE,5095.6333,,0.9390888407604976,MW
24,XSgr,0.846,2.423,0.003,2.4090000000000003,0.003,0.013999999999999999,0.001,xsgr,X_Sgr,266.89,-27.83083,4057701830728920064,266.8900756009316,0.18283263717307527,-27.830833242791314,0.16156360653434848,3.4314367740607445,0.2019658107192288,-5.097200044094543,-9.722093440156002,4.316964,1.0354912,,,,,VARIABLE,5249.0,,0.2409651382985413,MW
25,USgr,0.8290000000000001,3.824,0.003,3.822,0.003,0.002,0.001,usgr,U_Sgr,277.97208,-19.125,4092905375639902464,277.97220975806414,0.03758696306881837,-19.12509894398897,0.0355964500463969,1.4600813301331412,0.044714486570567306,-1.6813805097124397,-6.030202718137796,6.501302,1.5375996,19.377589405667923,2.82363250115562,1.5,0.0,VARIABLE,4287.565,,0.5671540715302791,MW
26,V367Sct,0.799,6.437,0.001,6.41,0.002,0.027000000000000003,0.001,v367sct,V367_Sct,278.39666,-10.42722,4155020566971108224,278.39681411901483,0.04066891899628061,-10.427258437383633,0.04058781379302223,0.42025388801512586,0.05281946167721692,0.065781919672349,-0.02043210705383971,10.502614,2.4306755,-9.557967979516787,3.4193476985378632,3.5,0.0,NOT_AVAILABLE,4640.3203,,0.5629375154423177,MW
27,YSgr,0.7609999999999999,3.486,0.003,3.483,0.003,0.003,0.001,ysgr,Y_Sgr,275.34541,-18.86,4096107909387492992,275.34576125981016,0.2004829059998716,-18.86003244245764,0.20195316719685394,-0.4702564268616369,0.2803666855965455,-3.1896994554646194,-8.03353594489528,8.204601,1.5897665,-3.143305054234084,4.523113854281044,1.0,0.0,VARIABLE,5095.6333,,1.2023299013508455,MW
28,VCen,0.74,4.405,0.003,4.4,0.003,0.005,0.001,vcen,V_Cen,218.1375,-56.887769999999996,5891675303053080704,218.137794571972,0.027222337120328517,-56.88774548800468,0.033762535664657985,1.3396571859609512,0.04474311950096547,-6.3993331069538675,-7.0310106215397,6.6745715,1.2764201000000002,-15.758946973145006,3.607254041911893,2.0,0.0,VARIABLE,5210.0,,0.5859908773291496,MW
29,CVMon,0.731,6.375,0.003,6.36,0.003,0.015,0.001,cvmon,CV_Mon,99.27,3.0638799999999997,3127142323596470144,99.27018865241855,0.034255206740707325,3.0639622659968966,0.0362030736984899,0.4822880238391721,0.04065929054765,0.396892063325969,-0.7961684669622398,9.604925,1.7819366,,,,,VARIABLE,4116.17,,0.7400233481012553,MW
30,CFCas,0.688,7.809,0.002,7.7829999999999995,0.002,0.026000000000000002,0.001,cfcas,CF_Cas,359.57457999999997,61.221109999999996,2011892703004353792,359.57487138800104,0.02200565872600869,61.221054034898394,0.025523750513212592,0.2871388201326104,0.032163161953857634,-3.0737936905479595,-1.753801980291962,10.730986,1.6097536,-82.3241368966044,5.690099085789231,4.5,0.0,VARIABLE,4297.778,0.5123,0.5437250338121155,MW
31,FFAql,0.65,3.378,0.001,3.353,0.001,0.025,0.001,ffaql,FF_Aql,284.56125,17.36083,4514145288240593408,284.56144610823776,0.08170313337259423,17.36087370956297,0.08611362823444163,1.8097578759340802,0.10703754259785553,-1.06756172636372,-9.692630498095152,5.1433163,1.1482253,-14.74883261818198,1.8941448149858413,4.5,0.0,VARIABLE,4900.0,,0.6919569691204991,MW
32,TVul,0.647,4.114,0.003,4.111000000000001,0.003,0.003,0.001,tvul,T_Vul,312.8675,28.25055,1857884212378132096,312.8676764631163,0.06436622183047233,28.25048271235529,0.07937235215505734,1.6738045061961986,0.08914132808424953,3.4958888380314486,-5.08651110596958,5.440939,1.371902,-12.111750010654006,2.4073743059428656,1.0,0.0,VARIABLE,4707.25,,0.6097772578634227,MW
33,RTAur,0.5710000000000001,3.853,0.003,3.8489999999999998,0.003,0.004,0.001,rtaur,RT_Aur,97.14166,30.49305,3435571660360952704,97.14203181919578,0.18751550011270435,30.492978112513928,0.17548004062391365,1.4194052892008555,0.20331745782404706,-0.4405339045477904,-13.896464478823845,8.1842785,0.2504077,14.23068307438364,5.304381340978252,1.5,0.0,VARIABLE,7080.0,,1.182092532698371,MW
34,HV00872,1.4745076391169758,11.32,0.005,11.380999999999998,0.005,-0.061,0.002,hv872,HV00872,73.775,-67.475,4661718955761056128,73.77604283571434,0.05449580130122527,-67.47448330907561,0.04908683581446152,-0.06469755080175002,0.053487324605726284,1.4618015356000158,-0.10231482613469653,16.387127,-0.17528343,,,,,NOT_AVAILABLE,8903.75,,2.3512445126298864,LMC
35,HV00873,1.5368865644169551,10.872,0.006,10.902999999999999,0.006,-0.028999999999999998,0.002,hv873,HV00873,73.6,-70.901667,4654695997043515776,73.59909543440439,0.01773189711709261,-70.90159394650168,0.0234581852657672,0.007839361741063125,0.020391209943150683,1.9748836697837224,-0.10565318078355787,12.866419,1.1424046,246.1105777735724,10.019744106510156,3.5,0.0,VARIABLE,5006.285,,1.0974541193112248,LMC
36,HV00875,1.481986946998056,11.094000000000001,0.003,11.077,0.003,0.016,0.001,hv875,HV00875,74.1125,-69.380278,4655268052372716160,74.11467888468209,0.02009117452399547,-69.37965931139206,0.021606348711194642,0.005847570462958253,0.021578701918363644,1.9827529994658029,-0.09275800461314,12.748462,0.9398279,246.68469289778926,3.3177060888161014,3.5,0.0,VARIABLE,5360.0,1.163,3.5484738063382766,LMC
37,HV00876,1.3563318600114216,11.558,0.006,11.592,0.006999999999999999,-0.033,0.002,hv876,HV00876,74.3,-67.38166700000001,4661677857273271168,74.29841426454948,1.2833834193614293,-67.38220802558665,1.5341856960508375,-1.3997919097128195,1.1195917360205316,4.423575432772879,-2.1173058146084878,20.627693,0.41666412,,,,,NOT_AVAILABLE,,,2.9348907949221554,LMC
38,HV00877,1.6547058466136846,10.700999999999999,0.004,10.79,0.004,-0.08900000000000001,0.002,hv877,HV00877,74.25416700000001,-67.995278,4661550421263759360,74.25749655621381,0.01419812205874143,-67.99516419693686,0.013821477008329756,-0.02383689038476369,0.01373029252054266,1.683598474090081,-0.0231940905235354,13.084633,1.3450956,301.37580628485415,5.880647961498461,4.5,0.0,VARIABLE,4696.6323,,4.509760130952825,LMC
39,HV00878,1.3674677421179735,11.530999999999999,0.006999999999999999,11.559000000000001,0.006999999999999999,-0.027000000000000003,0.002,hv878,HV00878,74.4625,-69.958333,4655144838329879168,74.46272680136599,0.019331088894358483,-69.958245830867,0.023102673793321496,-0.04061998198855287,0.021167437999938025,1.9799733007732097,-0.18288582007517104,13.531452999999999,1.1336993999999998,,,,,VARIABLE,4919.7,,0.4204416634926327,LMC
40,HV00879,1.5663196215248114,10.923,0.006999999999999999,10.975999999999999,0.006999999999999999,-0.052000000000000005,0.002,hv879,HV00879,74.520833,-69.454444,4655264444562658176,74.5205367729185,0.3665406126929605,-69.4544179947209,0.4279034708336069,-0.15032765399543968,0.4189206884362688,1.95222200387878,2.3389317216489918,19.092203,0.9052906,,,,,NOT_AVAILABLE,,,0.3857930323615458,LMC
41,HV00881,1.5531545481696254,10.945,0.006999999999999999,10.995999999999999,0.006999999999999999,-0.051,0.002,hv881,HV00881,74.633333,-70.346111,4655107381879225856,74.63670097245166,0.014813925603837578,-70.34603237228768,0.017575745822548373,-0.052394341654167405,0.016186500970850275,1.989871319069885,0.03743490309893132,13.110031,1.2506846999999999,,,,,VARIABLE,4920.3203,,4.087810954994406,LMC
42,HV00882,1.5022358790557724,11.07,0.006,11.085999999999999,0.006,-0.016,0.002,hv882,HV00882,74.916667,-69.45611099999999,4655257847528879488,74.91846279804122,0.439086187944431,-69.45693054683647,1.0124830409506032,1.0425154606319056,0.515849509407276,2.57873730010352,-0.7877349833666206,19.819237,,,,,,NOT_AVAILABLE,,,3.7217477092814932,LMC
43,HV00883,2.1251558295805304,9.523,0.011000000000000001,9.479,0.01,0.044000000000000004,0.001,hv883,HV00883,75.029167,-68.45,4661326189635227648,75.03154050383336,0.020050701758687124,-68.45001809590617,0.02490817966766728,-0.04165508509783935,0.023733964063715998,1.7848643653000469,-0.04275051712643187,11.868307000000001,1.3085909,,,,,VARIABLE,4857.75,,3.1392227473648684,LMC
44,HV00886,1.3799035074515027,11.345999999999998,0.006,11.373,0.006,-0.027000000000000003,0.002,hv886,HV00886,75.783333,-66.230556,4662214526287376256,75.7836693758408,0.023877157437953583,-66.23097651019425,0.025800575345979283,-0.05671608769960897,0.02532685195069639,1.5139369242796783,0.2328923526742856,13.247279,1.1542386999999998,,,,,VARIABLE,4954.175,,1.5905731765413071,LMC
45,HV00887,1.1609484808646968,12.113,0.004,12.123,0.004,-0.01,0.001,hv887,HV00887,75.541667,-69.539722,4655206788943922688,75.54282008126759,0.01618083351843005,-69.53991862348913,0.0199460530422098,-0.02383832240387587,0.0167550467279693,1.8344128835899287,0.15795978667983324,14.011185999999999,1.0672607,,,,,VARIABLE,5097.885,,1.6144853009019398,LMC
46,HV00889,1.4115692036686325,11.374,0.006,11.432,0.005,-0.057,0.003,hv889,HV00889,75.954167,-68.933611,4661251354133911168,75.95631976031673,0.10789447975816699,-68.93339611261328,0.14817964611189752,0.11393196443524335,0.12970297903133404,2.0183670945786227,1.7763757383747794,17.533094000000002,1.174633,,,,,NOT_AVAILABLE,,,2.8911430493542545,LMC
47,HV00891,1.2373426293261744,11.860999999999999,0.005,11.873,0.005,-0.012,0.002,hv891,HV00891,76.0625,-69.026389,4661248605354026368,76.06458723543501,0.015773981610519253,-69.02669248740041,0.016249661002889996,-0.044119585224541936,0.016304612152198642,1.7584003769675427,0.1891358193895128,13.75581,1.0739555,,,,,VARIABLE,5055.0,,2.9029851447760358,LMC
48,HV00892,1.2038484637462348,12.185,0.006,12.190999999999999,0.006,-0.004,0.001,hv892,HV00892,76.083333,-68.72805600000001,4661260558268775296,76.0846756639369,1.2256189956102543,-68.72788131830835,1.9486323666944505,,,,,20.703093,,,,,,NOT_AVAILABLE,,,1.8629552231395412,LMC
49,HV00893,1.3245910857609264,11.638,0.006,11.673,0.006,-0.035,0.002,hv893,HV00893,76.5,-69.104167,4661245547336779520,76.50378634671168,0.01904166078209692,-69.10475694102787,0.02593854707059738,-0.07691402981306583,0.0219525205646934,1.9849101403809364,0.1940564124536624,13.961845,1.2222223,,,,,VARIABLE,4728.6665,,5.3052910471725045,LMC
50,HV00899,1.492019641665868,11.132,0.006999999999999999,11.185,0.006999999999999999,-0.051,0.002,hv899,HV00899,76.779167,-68.88833299999999,4661242901625990912,76.78007548490024,1.9310033064038965,-68.88946298494484,1.9036880186237204,,,,,20.047276,,,,,,NOT_AVAILABLE,,,4.2350694602817365,LMC
51,HV00900,1.676830733600716,10.51,0.006,10.547,0.006,-0.037000000000000005,0.002,hv900,HV00900,76.695833,-70.03694399999999,4655176208727986048,76.69710233926386,0.3933676345393273,-70.03765493277706,0.3579575643063042,-0.38074118760500736,0.3424719645723478,1.8000495977717204,0.3735135726982498,18.918015,0.8816966999999999,,,,,NOT_AVAILABLE,,,2.9973732834756226,LMC
52,HV00901,1.2664668954402414,11.989,0.006,12.02,0.005,-0.033,0.002,hv901,HV00901,76.920833,-69.24638900000001,4661229192086926848,76.92560422660868,0.01646505882440717,-69.24669551963238,0.02086301146450304,0.02693931336080106,0.019433924646063583,1.6650506190582692,0.1947813835903788,14.11535,1.2330531999999998,264.8905870567508,13.334232579604716,3.5,0.0,VARIABLE,4886.0,,6.185640626817023,LMC
53,HV00902,1.420615770625765,11.269,0.006,11.280999999999999,0.006,-0.012,0.002,hv902,HV00902,76.829167,-70.454167,4652067339621882112,76.83230143075669,0.2531245134596393,-70.45343534929772,0.43782403575978096,0.12097829571947477,0.2654523779604949,1.7959707167282395,-1.1202619028926997,19.036732,0.43696976,,,,,NOT_AVAILABLE,,,4.6032658665522685,LMC
54,HV00904,1.4829450077486899,11.174000000000001,0.006999999999999999,11.216,0.006999999999999999,-0.042,0.002,hv904,HV00904,77.070833,-68.779444,4661268052971865728,77.07282311504544,1.2203186664522638,-68.77989078621047,1.3713951956694896,,,,,19.616889999999998,0.13414001,,,,,NOT_AVAILABLE,,,3.051512116704417,LMC
55,HV00909,1.57479495416876,10.795,0.005,10.808,0.005,-0.012,0.001,hv909,HV00909,77.329167,-70.4575,4652057856331526912,77.3317985818498,0.16607127036426306,-70.457295194711,0.4610087928684116,-0.13919962372451514,0.2044772340683956,1.0160589464398502,-0.985974377831001,18.244415,,,,,,NOT_AVAILABLE,,,3.2536625499386127,LMC
56,HV00911,1.1434832106700616,12.29,0.005,12.297,0.005,-0.006999999999999999,0.002,hv911,HV00911,77.645833,-69.138056,4658233534149865728,77.64704525710886,0.4619957669710766,-69.13863777467918,0.6486495180731653,,,,,19.82113,,,,,,NOT_AVAILABLE,,,2.608017442354186,LMC
57,HV00914,0.8375253094496012,13.122,0.011000000000000001,13.088,0.009000000000000001,0.032,0.005,hv914,HV00914,78.19166700000001,-69.102222,4658243464089904768,78.19293364403863,0.2841661085378971,-69.10264884028207,0.4860547381580871,-0.04147059097630309,0.3273769463310582,2.3861350963859174,4.711798451349729,19.043362,0.94525146,,,,,NOT_AVAILABLE,,,2.2375808254370497,LMC
58,HV00932,1.1232307766985103,12.3,0.004,12.304,0.005,-0.005,0.002,hv932,HV00932,79.80833299999999,-69.604722,4658169766642059904,79.80976517120352,0.22418648212374928,-69.6051513386539,0.34645439772616426,-0.17665116423755747,0.2877710874301788,1.2332135202348764,-1.3519467074647296,18.908255,,,,,,NOT_AVAILABLE,,,2.370079021315153,LMC
59,HV00953,1.681675314854906,10.22,0.005,10.249,0.005,-0.025,0.002,hv953,HV00953,81.283333,-67.643889,4658656609733883648,81.28446858518926,0.024727214500425945,-67.64415389115773,0.023495514586694185,0.02660548131301254,0.02507030694216461,1.6819261510268708,0.18421637730840806,12.19555,1.1536703000000001,,,,,VARIABLE,5055.46,,1.8240734665608584,LMC
60,HV00955,1.1367205671564067,12.173,0.004,12.177,0.004,-0.004,0.001,hv955,HV00955,81.45,-67.351389,4658688976609931392,81.45214963256,0.014232323977104932,-67.35193156902459,0.014843802573074596,-0.02323346489895549,0.014461793313878216,1.5015000067557749,0.3558024072285237,13.961392000000002,1.084774,,,,,VARIABLE,5018.815,,3.563055633812507,LMC
61,HV00971,0.9683428309589455,12.681,0.015,12.68,0.018000000000000002,-0.001,0.005,hv971,HV00971,82.0625,-67.066389,4660187061197545856,82.0627254366428,1.4659130396717197,-67.06584544812762,1.3142791625933548,,,,,20.588228,0.6971741,,,,,NOT_AVAILABLE,,,1.9821767564682975,LMC
62,HV00997,1.1187605904423814,12.356,0.005,12.367,0.005,-0.012,0.002,hv997,HV00997,83.25416700000001,-68.190833,4658568545718662912,83.2541410422821,0.01897382662544325,-68.19100379510341,0.01881301299065336,-0.02087711235601944,0.01967538448248089,1.3833239445904868,0.4369007875379016,14.336448999999998,1.1006011999999998,,,,,VARIABLE,5024.0,,0.6158417203800188,LMC
63,HV01002,1.4839009596528898,10.99,0.006,11.017000000000001,0.006999999999999999,-0.026000000000000002,0.002,hv1002,HV01002,83.954167,-66.700556,4660280073032860032,83.95595408907927,0.020071008770384396,-66.70046820217233,0.02205392503100324,-0.005086697058805718,0.020480424060919458,1.547296039173508,0.5005458637546563,13.0133295,1.1782084,301.7051314940121,2.998044163013596,3.5,0.0,VARIABLE,4804.6665,,2.56425160188119,LMC
64,HV01003,1.3863027306975153,11.295,0.005,11.3,0.005,-0.004,0.001,hv1003,HV01003,83.9,-68.53416700000001,4657803697948563072,83.90066574288252,0.014933720656624325,-68.53439055625387,0.017237767722025697,-0.0619055435858779,0.016608851396462718,1.6064343851766356,0.5903455594633584,13.1036005,0.98916245,,,,,VARIABLE,5294.8926,,1.1903459602851436,LMC
65,HV01005,1.2722130365201425,11.922,0.006999999999999999,11.897,0.006,0.023,0.001,hv1005,HV01005,84.025,-68.820278,4657705291661072896,84.02643604429309,1.7685414551302914,-68.82023068632695,1.0905631176198227,,,,,20.205267000000003,,,,,,NOT_AVAILABLE,,,1.875558323590898,LMC
66,HV01006,1.1528079634190636,12.162,0.005,12.172,0.005,-0.01,0.001,hv1006,HV01006,84.341667,-69.483333,4657656741341203072,84.34093905544499,3.573989963805224,-69.48380141694207,6.125805598599809,,,,,21.206158,,,,,,NOT_AVAILABLE,,,1.920201902334241,LMC
67,HV01013,1.382575319649486,11.392000000000001,0.006,11.458,0.005,-0.064,0.002,hv1013,HV01013,84.970833,-67.83555600000001,4659341949072415104,84.97353318334915,0.013120309685633793,-67.83577087653491,0.015122333350304802,0.02049755274244689,0.014467706960200374,1.497503712433648,0.6815741544396554,13.566776999999998,1.2541838,,,,,VARIABLE,4848.8003,,3.74795642530589,LMC
68,HV01019,1.1354189050278523,12.252,0.003,12.253,0.003,0.001,0.001,hv1019,HV01019,85.7125,-70.136944,4657206074848960128,85.71278280676249,0.022105135713401586,-70.13673060621564,0.020800483864211853,-0.03751240067698628,0.01905906778762041,1.8682655147562448,0.7007330437309861,14.267853,1.1232061000000002,,,,,VARIABLE,4952.2075,,0.8425101487856961,LMC
69,HV01023,1.4242117189392844,11.386,0.006,11.440999999999999,0.006,-0.052000000000000005,0.002,hv1023,HV01023,86.65,-68.184444,4659292024370712576,86.65078776451428,0.016115497573727537,-68.18428604071987,0.017895034373373378,-0.023573272629586684,0.017962993975780796,1.4375283521854243,0.6772206277693228,13.568829000000001,1.2389059,,,,,VARIABLE,4944.04,,1.1975273677509772,LMC
70,HV02244,1.1454139651678834,12.219000000000001,0.004,12.23,0.005,-0.011000000000000001,0.002,hv2244,HV02244,74.458333,-67.839167,4661558942480021760,74.46206650677945,0.016312347778608027,-67.83857853940901,0.01842409262168137,0.003938755565899289,0.01872564918718489,1.7469589137432875,-0.2074216360649428,14.119619,1.0731277,,,,,VARIABLE,5070.9854,0.41,5.494768516860742,LMC
71,HV02251,1.445401796678264,11.124,0.006999999999999999,11.165999999999999,0.006999999999999999,-0.043,0.002,hv2251,HV02251,75.229167,-66.637778,4662110931678915712,75.22981940280852,0.022468907732915662,-66.6373139769955,0.027211941499177463,-0.08981697467226316,0.02495447079835761,1.5760434659851064,0.03724505139764208,13.096702,1.2442846,283.9368015735218,11.882479347545384,3.5,0.0,VARIABLE,4710.0,,1.912569822353393,LMC
72,HV02257,1.595441104815296,10.722000000000001,0.006,10.784,0.006,-0.062,0.002,hv2257,HV02257,74.541667,-69.949444,4655144151135140864,74.54248628367661,0.13973908633664994,-69.94901376936102,0.14787185792736265,0.1581936818835149,0.15075043722867806,3.463782680870409,1.4453820643991198,18.289307,1.2481861,,,,,NOT_AVAILABLE,,,1.8497121785129909,LMC
73,HV02260,1.113508840532819,12.633,0.005,12.62,0.005,0.012,0.001,hv2260,HV02260,75.229167,-68.438611,4661349103391257344,75.22964343182208,0.1477248363111812,-68.43867229610062,0.22454587735015646,-0.06861763042993257,0.17842648471025493,1.3257749235621956,0.3005353773319237,18.681417,0.11143112,,,,,NOT_AVAILABLE,,,0.6678250352503283,LMC
74,HV02262,1.1995357811983398,12.035,0.004,12.067,0.004,-0.034,0.002,hv2262,HV02262,74.695833,-70.061389,4655140195517805184,74.69616890410808,0.01419515547830044,-70.06157708012957,0.015967012970102598,-0.02570559007948884,0.015172842313002881,1.947689823206264,0.015968418029178696,13.968916,1.0746126,,,,,VARIABLE,4997.0,,0.792778477453648,LMC
75,HV02270,1.13433651094868,12.399000000000001,0.004,12.424000000000001,0.004,-0.025,0.001,hv2270,HV02270,75.2,-69.531389,4655254269757996288,75.20154749446901,0.01884928665329001,-69.5318442599467,0.019365071318052072,-0.0346171720094721,0.0192883071610308,1.982855599834512,0.053811341507931904,14.405145999999998,1.1046323999999998,,,,,VARIABLE,4948.0,,2.545835147360461,LMC
76,HV02279,0.8385342705118686,13.077,0.013000000000000001,13.05,0.013999999999999999,0.023,0.002,hv2279,HV02279,75.733333,-68.694722,4661308146576307968,75.73523876658867,0.8211545880818863,-68.69568642327957,0.7611875183396887,-0.3118599002984197,0.8444500458858228,2.2555382691037047,0.1316637159486138,20.466423000000002,0.15493393,,,,,NOT_AVAILABLE,,,4.274094076095982,LMC
77,HV02282,1.1666372942318046,12.218,0.005,12.220999999999998,0.005,-0.003,0.002,hv2282,HV02282,75.35,-70.071667,4655093401795101440,75.35169364537411,5.238986060080005,-70.07117505035922,1.811640569897404,,,,,20.620161,,,,,,NOT_AVAILABLE,,,2.730458512848326,LMC
78,HV02291,1.3486358134280443,11.667,0.006,11.706,0.006,-0.036000000000000004,0.002,hv2291,HV02291,75.9375,-68.876111,4661251972608721792,75.93965776695278,0.19956558032198995,-68.87648164710951,0.2067841556415974,0.018544063086145143,0.2355421555051869,1.7599133568493688,0.35972326738401256,18.75036,0.52147293,,,,,NOT_AVAILABLE,,,3.1011763781603254,LMC
79,HV02294,1.5629111450476485,10.663,0.006,10.7,0.006,-0.036000000000000004,0.002,hv2294,HV02294,76.55833299999999,-66.67944399999999,4661911473380769664,76.55975518476181,0.5461932304671618,-66.67877059759496,0.6763676516210231,-0.3916393408919557,0.5852187662218183,1.1742881573414008,-1.9750982234219825,19.341692000000002,0.10952377,,,,,NOT_AVAILABLE,,,3.159923958977773,LMC
80,HV02324,1.1603484607610972,12.205,0.005,12.220999999999998,0.004,-0.017,0.002,hv2324,HV02324,76.8375,-68.337778,4661386525332168832,76.83828612277588,0.188542374054213,-68.33778708100938,0.2618279249483743,-0.08191171738724318,0.2133331360698344,1.880081144539775,-1.2325617388160772,19.123264000000002,0.23067665,,,,,NOT_AVAILABLE,,,1.0451760616892036,LMC
81,HV02337,0.8365139988906714,13.247,0.016,13.212,0.015,0.034,0.005,hv2337,HV02337,77.4,-68.044722,4661408648725707136,77.40174509145645,38.98349348704213,-68.04579346371368,9.904448992623015,,,,,20.896942000000003,,,,,,NOT_AVAILABLE,,,4.516125468497016,LMC
82,HV02338,1.6253124509616739,10.58,0.006999999999999999,10.64,0.006999999999999999,-0.057,0.002,hv2338,HV02338,76.533333,-71.2575,4651641759909771392,76.5369272940658,0.017130489906217787,-71.25725523599174,0.02091304076987499,-0.010195064147501978,0.01900358624649521,2.113871900437212,0.03780466292171924,12.604963,1.2008533000000001,247.14875479004658,5.8253100142518255,3.5,0.0,VARIABLE,4823.0,,4.250021977793402,LMC
83,HV02339,1.142389466118836,12.139000000000001,0.004,12.142999999999999,0.004,-0.005,0.001,hv2339,HV02339,77.204167,-68.999167,4661261142421370496,77.20316303451513,0.9746600975691576,-68.99913935998431,0.847084421474604,,,,,20.471304,,,,,,NOT_AVAILABLE,,,1.2991067808645915,LMC
84,HV02352,1.134559577422625,12.282,0.003,12.267000000000001,0.003,0.013999999999999999,0.001,hv2352,HV02352,77.266667,-70.365,4652071909485459584,77.2682282714201,0.015506496121487088,-70.36503467331104,0.021636196846194968,-0.04531025761596248,0.01678361823259639,2.0417296234710194,0.11275706312539982,13.999857,0.9595623,,,,,VARIABLE,5396.0,,1.8927843176615364,LMC
85,HV02369,1.6846389329832256,10.297,0.006,10.355,0.006,-0.057999999999999996,0.003,hv2369,HV02369,78.470833,-67.063611,4658929254268139904,78.47364621133238,0.01798217675982078,-67.06345658519018,0.02306984413231648,-0.09772768976745738,0.020794596513981096,1.6001238992691549,0.2731367701471023,12.251983000000001,1.2918663000000001,296.06866105800634,3.1304009898124816,3.5,0.0,NOT_AVAILABLE,4654.1553,,3.9857688441857166,LMC
86,HV02405,0.8403570592033562,13.309000000000001,0.011000000000000001,13.283,0.012,0.025,0.005,hv2405,HV02405,78.670833,-70.708889,4652001643815346176,78.67317502891875,0.021480882139952983,-70.70891123961583,0.022039473804621845,-0.007410752324925653,0.02311513651204572,2.172895905678021,0.2778358710083552,15.011729,0.93699074,,,,,VARIABLE,5435.3335,,2.786581634174545,LMC
87,HV02432,1.0381430899699424,12.446,0.015,12.427,0.016,0.018000000000000002,0.005,hv2432,HV02432,79.554167,-68.324722,4658714780768034688,79.55745043736174,0.014243854970243119,-68.32512313591971,0.016521210095874612,-0.06450129142899554,0.01580704700408036,1.624750486999651,0.4063365921929719,14.163929000000001,0.8524504,,,,,VARIABLE,5668.0,,4.598404016947282,LMC
88,HV02447,2.0731682622651015,9.44,0.006,9.437999999999999,0.005,0.003,0.002,hv2447,HV02447,79.875,-68.686111,4658325789850642048,79.87712487608296,0.025161825300318144,-68.68603255294198,0.025946121181439376,-0.009514122622557221,0.026279903577508958,1.6250539787263965,0.3434233198892208,11.742721000000001,1.3451567,,,,,VARIABLE,4593.04,,2.79474767114838,LMC
89,HV02463,1.1450409400370238,12.142000000000001,0.004,12.134,0.004,0.006,0.001,hv2463,HV02463,80.116667,-69.025,4658285554647792640,80.1161888160734,0.2313478487375319,-69.02485166370734,0.25613824573588884,-0.38072199649550775,0.2496716894306592,1.7950570386387483,1.5381843808264173,19.065668,0.8527087999999999,,,,,NOT_AVAILABLE,,,0.8154088272291402,LMC
90,HV02527,1.1122697684172707,12.452,0.005,12.456,0.005,-0.004,0.002,hv2527,HV02527,81.4125,-71.111389,4651828195859897472,81.41298358446117,0.02005437666242113,-71.11106762089878,0.02360121392633584,0.023991687560703086,0.02235744693389774,2.2324580313657396,0.3161192658952502,14.519298000000001,1.1821089,,,,,VARIABLE,4928.303,,1.286933198245685,LMC
91,HV02538,1.1420451481577443,12.245999999999999,0.003,12.265999999999998,0.003,-0.02,0.002,hv2538,HV02538,81.779167,-68.495,4658521644700967040,81.7823572429498,0.02027924840218474,-68.49525065277422,0.020590844101334483,-0.0241558003663641,0.01944003954268244,1.7046166797529572,0.381870870938756,14.2859,1.1411028,,,,,VARIABLE,4964.0,,4.305743610359887,LMC
92,HV02549,1.2100508498751372,11.885,0.004,11.890999999999998,0.004,-0.006,0.001,hv2549,HV02549,81.75,-71.643056,4651711299733565824,81.74849537208965,0.2670560217894985,-71.64352420763704,0.28307906294422475,0.6132149545801687,0.2932528421572332,2.1838366312436768,2.561138953644067,19.132372,0.8866501,,,,,NOT_AVAILABLE,,,2.3981443480525044,LMC
93,HV02579,1.1280113325759749,12.120999999999999,0.003,12.114,0.004,0.006,0.001,hv2579,HV02579,82.31666700000001,-67.473333,4660171530619866880,82.31908241638479,0.013492807751937048,-67.47263453032161,0.014663634190079166,-0.03563244616664845,0.014533512432632385,1.6118944120393992,0.35681634930159495,13.93007,0.98029995,,,,,VARIABLE,5334.495,,4.173842803443447,LMC
94,HV02580,1.2283490206236372,11.879000000000001,0.006,11.91,0.005,-0.031,0.001,hv2580,HV02580,82.354167,-66.239722,4660351987971113856,82.35673193854808,0.014134885731299238,-66.23980128619023,0.017184087183569428,-0.0056990908147849404,0.015176932628642469,1.5427054338243409,0.6460363506863898,13.798649,1.0212507,,,,,VARIABLE,5177.497,,3.7313171849136775,LMC
95,HV02733,0.9406160823374077,12.887,0.011000000000000001,12.855,0.01,0.028999999999999998,0.005,hv2733,HV02733,84.320833,-66.755278,4659525601881619072,84.31878584575465,0.20407458397539469,-66.75461296253239,0.26334122608498645,0.08234633400697867,0.2392868895959391,1.1905772571665143,0.4662438239263277,18.905123,0.0032596588,,,,,NOT_AVAILABLE,,,3.7671907487058847,LMC
96,HV02749,1.3637059728547238,11.625,0.004,11.682,0.004,-0.057999999999999996,0.002,hv2749,HV02749,84.8125,-69.3275,4657673440199504256,84.81317000292651,0.018120775718293288,-69.3275492117854,0.017701629731485768,-0.01854600073267121,0.01799353134582732,1.6432096643652256,0.5435041208468364,14.305473999999998,1.4691,,,,,VARIABLE,4501.34,,0.8697358997143523,LMC
97,HV02793,1.2837533833325265,11.734000000000002,0.006,11.767000000000001,0.005,-0.033,0.002,hv2793,HV02793,85.45,-68.68777800000001,4657765554388832640,85.44990318590081,0.2047111533767481,-68.68719242914575,0.18844843585683668,0.05684070440025547,0.17376153123438795,2.212644020513566,0.671501493970817,18.637545000000003,1.0868664,,,,,NOT_AVAILABLE,,,2.111857664251827,LMC
98,HV02827,1.896537240052262,9.744,0.004,9.824,0.003,-0.081,0.002,hv2827,HV02827,85.945833,-66.586389,4659851572721436416,85.94713186763866,0.022469849243003992,-66.5858145918518,0.0210855137842588,0.008390671531801706,0.02152338302316216,1.3941108178444097,0.6865948115040752,12.159856,1.3950195,316.5245449784307,0.8338029520035881,4.5,0.0,VARIABLE,4495.9775,,2.7800220783328187,LMC
99,HV02836,1.2437323645526488,11.988,0.005,12.008,0.005,-0.019,0.002,hv2836,HV02836,86.2875,-67.386111,4659425374531693824,86.29148451029945,0.017066932848513253,-67.38583440589095,0.019861679755511164,-0.012867860743902051,0.019003837733762696,1.651331609811446,0.7494678575076003,14.622020000000001,1.5577946000000003,,,,,VARIABLE,4431.2266,,5.604824532248894,LMC
100,HV02854,0.9362623419034776,12.81,0.016,12.785,0.013000000000000001,0.024,0.005,hv2854,HV02854,86.9125,-66.968333,4659822229503269248,86.91241293194076,0.1185787080212784,-66.96793874504056,0.13739576719215885,-0.253246947611571,0.13881836708695205,1.4363727031417115,-0.21435170308550613,18.080173000000002,0.26013565,,,,,NOT_AVAILABLE,,,1.4246059328371292,LMC
101,HV05497,1.9960736544852753,9.345,0.004,9.376,0.003,-0.03,0.002,hv5497,HV05497,73.916667,-66.428611,4662155148333196800,73.91899044814598,0.022899504196287838,-66.42869970949164,0.02782659153035969,-0.05798081016466949,0.027028192072721568,1.8050279001686484,0.05485800546551041,11.515359,1.3069553,280.4094033633723,1.6715989713288355,1.0,0.0,NOT_AVAILABLE,4844.34,,3.3600617469618617,LMC
102,HV05655,1.1526246394476192,12.308,0.005,12.325,0.005,-0.015,0.002,hv5655,HV05655,77.770833,-70.509722,4652055038851340928,77.7703864082932,0.7481498987294213,-70.50998166547096,0.8178789174764807,-0.7932029077375825,0.8120434469576339,4.348711991527071,1.4999371101021963,20.495686,,,,,,NOT_AVAILABLE,,,1.0777659715932184,LMC
103,HV06065,0.8349290964605758,13.300999999999998,0.011000000000000001,13.282,0.013000000000000001,0.013999999999999999,0.005,hv6065,HV06065,87.7375,-69.675556,4657407598879467136,87.73778621289526,0.01807804875456814,-69.6752633899454,0.01923069062741433,-0.026062166187675408,0.019512654771341485,1.7092388124522442,0.7628911555802409,15.028402,0.9263066999999999,,,,,VARIABLE,5362.6665,,1.1125311779867648,LMC
104,HV06098,1.3844788628508353,11.224,0.003,11.218,0.003,0.006,0.001,hv6098,HV6098,74.4375,-65.708333,4662295546548512256,74.43772515715791,0.018706188809771998,-65.70837026283712,0.022752043688319918,-0.05277418853727858,0.020520428742059053,1.3777609604649836,0.1719618238618155,13.052269,1.0425176999999999,306.8438812454231,4.13184404197117,3.5,0.0,VARIABLE,5169.2354,,0.3594235477480307,LMC
105,HV08036,1.4528440272961625,11.329,0.006,11.374,0.006,-0.044000000000000004,0.002,hv8036,HV08036,71.404167,-70.251111,4654972524214794240,71.40507854993372,0.0145697560913441,-70.25108924865832,0.015022891003605937,-0.047224016911466125,0.015334910503512456,2.0518051301170206,-0.07144033956028571,13.397081,1.1886940000000001,,,,,VARIABLE,4871.0947,,1.1116028105108609,LMC
106,HV12452,0.9413126253606621,12.837,0.016,12.832,0.015,0.003,0.005,hv12452,HV12452,72.2125,-69.35583299999999,4655420674029189632,72.21380411247758,0.29235282428412346,-69.35546978434017,0.2602620737534221,0.6686718094980476,0.2839339335455577,2.096071346971856,-0.8138123108334508,19.050863,0.75203705,,,,,NOT_AVAILABLE,,,2.1093930205886022,LMC
107,HV12471,1.2003853242323868,12.177999999999999,0.004,12.208,0.004,-0.027999999999999997,0.002,hv12471,HV12471,72.716667,-69.315556,4655374808040426240,72.71851437038194,0.021393195499590126,-69.31551928017483,0.026611076648505618,0.048799133956821464,0.02409774556376225,1.8751935874403345,-0.10505131627467852,14.535699,1.3554058,,,,,VARIABLE,4613.26,,2.352825536630253,LMC
108,HV12505,1.1580306125903403,12.327,0.005,12.338,0.005,-0.013000000000000001,0.001,hv12505,HV12505,74.483333,-68.815556,4655312101566701824,74.48643415629012,0.02114039741116952,-68.81600398867782,0.020550002090036386,-0.01272741722049486,0.023696690131182446,1.6397112604335464,-0.11540179142542965,14.551226000000002,1.2183075,,,,,VARIABLE,4868.532,,4.344781139117603,LMC
109,HV12656,1.1271047983648077,12.269,0.002,12.248,0.002,0.02,0.001,hv12656,HV12656,87.029167,-71.506389,4656820665823608960,87.02886666407477,0.019012188676766014,-71.50594312384247,0.018699098844574942,0.0016747800551209914,0.016710813472761772,1.7648518336921861,0.6797451754530319,14.058678,0.9777011999999998,,,,,VARIABLE,5314.3247,0.07200000000000001,1.6413845112601295,LMC
110,HV12700,0.9113174423240304,12.975,0.011000000000000001,12.953,0.012,0.022000000000000002,0.005,hv12700,HV12700,89.37916700000001,-67.62527800000001,4659545118198056192,89.38134514543103,0.01783336556974465,-67.62484045542706,0.028799898110624857,-0.015030122022146297,0.021452323218478626,1.4503326498033708,0.7508295782446694,14.654882999999998,0.9461030999999999,,,,,VARIABLE,5327.0,,3.3750419522800543,LMC
111,HV12717,0.9465996250151327,12.877,0.015,12.842,0.015,0.034,0.005,hv12717,HV12717,70.833333,-69.23,4656162054064893824,70.83514260074466,1.1347483133864371,-69.23085008178504,0.9122875611137902,0.3641930659599559,0.9360044153055757,5.539071824047352,-9.265181542463688,20.120224,0.4567051,,,,,NOT_AVAILABLE,,,3.834333510444364,LMC
112,HV12724,1.1381131464871672,12.419,0.004,12.444,0.005,-0.025,0.002,hv12724,HV12724,71.50416700000001,-69.64805600000001,4655390510442923008,71.50452116392732,0.016839562372100582,-69.64882296652553,0.018733198702522373,-0.013874523334549641,0.018484031376629025,1.9052293314104063,-0.03705383526596152,14.585078,1.2247982,,,,,VARIABLE,4942.8975,,2.7964579787639754,LMC
113,HV12815,1.4172225044337694,11.212,0.006,11.257,0.006,-0.042,0.002,hv12815,HV12815,82.508333,-65.934167,4660363361045224192,82.51028829569678,0.01628548334977728,-65.93382625321001,0.016297307454751754,-0.031163269687317318,0.01636344429974031,1.5672258252063254,0.6883621333943596,13.137929000000002,1.1297531,,,,,VARIABLE,4970.0,,3.1215790117188633,LMC
114,HV12816,0.9594230219431051,12.89,0.011000000000000001,12.869000000000002,0.011000000000000001,0.019,0.002,hv12816,HV12816,82.491667,-65.905556,4660363498484185856,82.49343995086936,0.020426083598946147,-65.90564010391579,0.019726463687908653,-0.01708505424605666,0.02068594509266665,1.5865161649150077,0.34749763937329564,14.455588,0.83902264,,,,,VARIABLE,5782.3335,,2.6231822258661714,LMC
115,HV13048,0.8358807318173946,13.165,0.011000000000000001,13.152000000000001,0.013000000000000001,0.01,0.005,hv13048,HV13048,87.708333,-67.1425,4659633835046741248,87.71405043867733,0.23906236925667615,-67.14165330907296,0.22914291082264876,0.19808022353331026,0.2629285128785457,2.077990591163406,0.8349817855001689,18.959509,0.0032901764000000003,,,,,NOT_AVAILABLE,,,8.556639210059537,LMC
116,HV00817,1.2765,12.094000000000001,0.024,12.062999999999999,0.023,0.03100000000000236,0.002770128356432444,hv817,HV00817,9.81875,-72.033056,4689217466690224384,9.819046493324164,0.017037093430319988,-72.03286739415245,0.015817646494606933,0.0033730473268657806,0.020294882272084157,0.5603684162670972,-1.2720022088136873,13.937256,0.9630823000000001,,,,,VARIABLE,5405.56,1.1105,0.7546012047018504,SMC
117,HV00824,1.8191,10.27,0.028999999999999998,10.267000000000001,0.03,0.0029999999999983373,0.0034771076741708443,hv824,HV00824,11.722083,-72.714167,4688974886982934016,11.721306178797624,0.025940061585643104,-72.71437676091303,0.020385435467181717,0.05290145566239128,0.02778078766728953,0.6924153718028402,-1.2475641025941708,12.219525,1.117712,139.2030963477816,3.568839958932875,3.5,0.0,NOT_AVAILABLE,5019.21,,1.122822628527944,SMC
118,HV00829,1.9258,9.871,0.031,9.836,0.03,0.03500000000000014,0.0035949424350204986,hv829,HV00829,12.620833,-72.7525,4688965399355605120,12.619998164888386,0.02295972390588986,-72.75256413932378,0.019073910607216662,-0.04997038932183492,0.02383276006460041,0.8020141462805593,-1.1774607735113896,11.756469000000001,1.0655499,109.16809951637235,7.8637037993640675,1.0,-0.5,VARIABLE,5200.28,,0.9205306672427208,SMC
119,HV00834,1.867,10.139,0.022000000000000002,10.137,0.015,0.0019999999999988916,0.0022189211592823915,hv834,HV00834,13.428332999999999,-72.287222,4689057414725777152,13.427701097851253,0.025794349588099147,-72.28712583293088,0.02164182888321415,-0.11081764453603596,0.028954216785726208,0.8003470176863559,-1.143495254499802,12.057661,1.0933666000000002,159.5230461751006,10.871261055961012,0.5,-0.25,VARIABLE,5012.11,,0.7738716199565334,SMC
120,HV00836,0.9733,13.234000000000002,0.073,13.199000000000002,0.07400000000000001,0.03500000000000014,0.008662258494308643,hv836,HV00836,13.972917,-71.53694399999999,4689284433819282816,13.973965157106186,0.020257918258355743,-71.53684476196588,0.016385297413636746,0.006898356758971478,0.02042156503222581,0.7164043049316764,-1.1862463567938055,14.786139000000002,0.8246412000000001,,,,,VARIABLE,5746.0,,1.2472619226141377,SMC
121,HV00837,1.6309,11.042,0.039,11.047,0.037000000000000005,-0.005000000000000782,0.004479893351905204,hv837,HV00837,13.983332999999998,-71.984444,4689071575280146432,13.983582183969855,0.02742306727514879,-71.98408665724631,0.018744985232055103,0.02873714108680195,0.026619833310733858,0.8373848839295482,-1.2376476120281468,13.043082,1.1407479999999999,,,,,VARIABLE,5022.68,,1.3160114564217622,SMC
122,HV00840,1.5189,11.392000000000001,0.048,11.390999999999998,0.048,0.0010000000000029985,0.00565685424949238,hv840,HV00840,14.472917,-72.4125,4688997014660077312,14.4721718866414,0.015321599406268066,-72.41283264810956,0.012383121510317063,-0.044693290042590116,0.013928943539134148,0.7525556488908607,-1.2125979133280067,13.377137,1.0979795,,,,,VARIABLE,5018.9529999999995,,1.4460356119151403,SMC
123,HV00843,1.1677,12.738,0.04,12.745,0.037000000000000005,-0.006999999999999673,0.004540710908608426,hv843,HV00843,14.629582999999998,-72.450556,4688997152099135232,14.628823050586991,0.019176878865998497,-72.45077295567306,0.01802273898844113,-0.013960664063730423,0.020059832519953254,0.7009186856130181,-1.2724572030566113,14.778870000000001,1.1526785,,,,,VARIABLE,4945.64,,1.1360112638702746,SMC
124,HV00847,1.4326,11.782,0.044000000000000004,11.790999999999999,0.045,-0.008999999999998565,0.005244706325853187,hv847,HV00847,15.261667000000001,-72.198611,4690504204544129408,15.261216283204096,0.01634993799274535,-72.19840211577966,0.01322930687108,-0.03700197435340159,0.015634750199976732,0.8701484936419137,-1.1405076966121066,13.803009,1.1333541999999999,,,,,VARIABLE,4982.485,,0.9008605778348286,SMC
125,HV00855,1.5179,11.56,0.04,11.575999999999999,0.04,-0.015999999999998238,0.004714045207910317,hv855,HV00855,16.823332999999998,-73.223889,4687201890086026880,16.82319592522681,0.016788204602014162,-73.22394629267312,0.013240846550846622,-0.015622039753918729,0.015115113940150453,0.985433408007682,-1.141927571670305,13.595036499999999,1.1866055,,,,,VARIABLE,5024.0,,0.2506534794444482,SMC
126,HV00856,1.0848,13.062000000000001,0.037000000000000005,13.052,0.035,0.010000000000001563,0.004244277192748948,hv856,HV00856,16.962917,-71.52166700000001,4690559450696040320,16.962979031024517,0.0215692255267595,-71.52132691052309,0.018186487531148772,-0.03667389450888981,0.021850131858292692,0.9235468044658672,-1.1382539074256934,14.861376000000002,0.9887123,,,,,VARIABLE,5123.56,,1.226366268495744,SMC
127,HV00857,1.0786,12.847000000000001,0.092,12.829,0.102,0.018000000000000682,0.011446736555795181,hv857,HV00857,16.939167,-73.741667,4686373064464778368,16.93942602132302,0.017122703978549564,-73.74182039127527,0.01467572393505624,0.028210405136206505,0.01775365044124409,0.7542207823385172,-1.2103590689249486,14.424489999999999,0.8504343000000001,,,,,VARIABLE,5770.3335,1.7015,0.6108094997919172,SMC
128,HV00865,1.5228,11.167,0.048,11.158,0.048,0.009000000000000341,0.00565685424949238,hv865,HV00865,25.13375,-74.5075,4638055919331408128,25.134193003302318,0.02317303997750013,-74.50711402850855,0.01873142931929593,-0.02609775773698009,0.02544648526528847,1.2634439839791147,-1.1265650997757732,13.020083,1.050168,184.88336599502915,7.5916692604133225,3.5,0.0,VARIABLE,5159.6665,,1.453333423344214,SMC
129,HV01326,1.1375,12.925999999999998,0.033,12.915,0.025,0.010999999999999233,0.0034500402574140754,hv1326,HV01326,8.3475,-73.385278,4688881565910327424,8.346005817159439,0.023467454461538785,-73.38483030387627,0.01914855356272408,0.008742181488142492,0.023900145304964027,0.4155979776887168,-1.1397950723442911,14.792857000000001,1.0550213,,,,,VARIABLE,5476.4634,,2.2278427521185487,SMC
130,HV01328,1.1997,12.503,0.017,12.478,0.019,0.025000000000000355,0.0021245914639969935,hv1328,HV01328,8.22875,-73.82194399999999,4688810475608636800,8.228831072655929,0.02664586765311796,-73.82197346538187,0.02193530547538837,-0.054029366421168484,0.02310074185793832,0.54769425416894,-1.1845569012189665,13.992491000000001,0.78492546,,,,,VARIABLE,5937.3335,,0.13365935513346303,SMC
131,HV01333,1.212,12.710999999999999,0.032,12.689,0.033,0.021999999999998465,0.0038306149781870687,hv1333,HV01333,9.012917,-73.93333299999999,4685792625426268032,9.014429714377576,0.026984952762597467,-73.93302369028643,0.02110714532838204,-0.05137389425061251,0.025110445699886862,0.4593763086264644,-1.2306130903859276,14.609986,1.0721188,,,,,VARIABLE,5028.78,,1.873887302576687,SMC
132,HV01334,0.9755,13.220999999999998,0.078,13.214,0.085,0.006999999999997897,0.009613719941370828,hv1334,HV01334,9.074583,-73.773889,4685809255539825664,9.075513885233313,0.026622629333209625,-73.77360419192341,0.018022682828779082,0.008577457267317647,0.02270796645617736,0.741138417137004,-1.2374173619040083,14.711742000000001,0.8424301,,,,,VARIABLE,5074.5,,1.3885791197520152,SMC
133,HV01335,1.1578,12.898,0.028999999999999998,12.867,0.027999999999999997,0.030999999999998806,0.003359274061791062,hv1335,HV01335,9.230833,-73.94166700000001,4685791697713071616,9.232058290586847,0.026204594323295558,-73.9411312261423,0.01690644785412367,-0.07714058782803697,0.022945741277271968,0.44167594473237454,-1.0786409835283546,14.559816,0.85708046,,,,,VARIABLE,5612.1,,2.2823380408267564,SMC
134,HV01338,0.9292,13.584000000000001,0.086,13.535,0.075,0.049000000000001265,0.009509133036776333,hv1338,HV01338,9.570833,-73.814722,4685799566092789632,9.57072046685068,0.027542005873488727,-73.81470611890539,0.019113580167187463,-0.027983957284625792,0.023883980538830004,0.40806948530875703,-1.1386903471467011,14.987607999999998,0.7523079,,,,,VARIABLE,6020.4,,0.12657265495696735,SMC
135,HV01342,1.2539,12.511,0.012,12.475999999999999,0.012,0.03500000000000014,0.001414213562373095,hv1342,HV01342,9.890417,-73.748611,4685801249719882240,9.890876394866122,0.016630948238230348,-73.74843736972286,0.013356072231495384,-0.01440405999537002,0.016731356784409214,0.4760299318527715,-1.1874671845372666,14.031276,0.8141155,,,,,VARIABLE,5890.6665,,0.7777667648879245,SMC
136,HV01345,1.1296,12.841,0.03,12.818,0.03,0.022999999999999687,0.0035355339059327377,hv1345,HV01345,10.16125,-73.220556,4688863797635493248,10.160829321536722,0.02482628772223119,-73.22064738918931,0.015845173022548596,-0.09464061507276446,0.02331563668757982,0.6069345726007154,-1.1727285961199074,14.646954999999998,0.9641409,,,,,VARIABLE,5308.3335,,0.5471619147794831,SMC
137,HV01351,1.117,12.959000000000001,0.018000000000000002,12.937999999999999,0.021,0.021000000000002572,0.002304886114323222,hv1351,HV01351,10.26625,-73.527778,4685841725497006976,10.266118918730646,0.02064536981686217,-73.52772164843869,0.01656601012114004,-0.07081047302652417,0.021085944331767827,0.6155689146461394,-1.108531198250883,14.595597,0.8686676,,,,,VARIABLE,5601.0,,0.2430193254288722,SMC
138,HV01363,1.0286,13.237,0.061,13.238,0.077,-0.0009999999999994458,0.008186201126828543,hv1363,HV01363,10.489167,-73.523333,4685839182876325376,10.488662169118236,0.024806403669983004,-73.52342752327887,0.020207631111481567,-0.011963519049183665,0.024995651018182786,0.5983326323385794,-1.129123375206024,15.046752,0.98152065,,,,,VARIABLE,5249.5,,0.617647002275671,SMC
139,HV01365,1.0939,13.174000000000001,0.027999999999999997,13.124,0.03,0.05000000000000071,0.0034197140881138646,hv1365,HV01365,10.454167,-73.72833299999999,4685821418888717696,10.454511777728182,0.027604811613427833,-73.7283880447751,0.02050495885775488,-0.005032482824926787,0.027253416661330597,0.6519831827659386,-1.1110867037983754,14.92221,0.9930954,,,,,VARIABLE,5336.0,,0.4002679551979199,SMC
140,HV01372,1.1979,12.852,0.042,12.818,0.033,0.034000000000000696,0.004451123453691214,hv1372,HV01372,10.800833,-73.325278,4688848236968643968,10.801431404402035,0.02717405854588817,-73.32545076916084,0.02302613295228648,-0.09057263185251743,0.026143590639850358,0.6250252239471201,-1.1321906201055516,14.886973999999999,1.167551,,,,,VARIABLE,4896.9,,0.8768898214776819,SMC
141,HV01373,1.137,12.857999999999999,0.035,12.853,0.031,0.004999999999999005,0.00389622324252032,hv1373,HV01373,10.874167,-73.002778,4688873349665959680,10.873664379314272,0.026052404270178638,-73.00249344441562,0.021444990715703542,-0.05718193331839388,0.025058256495812337,0.6682059660679183,-1.114596901083475,14.794835,1.0600948000000001,,,,,VARIABLE,5090.925,,1.1529012919750026,SMC
142,HV01382,1.0367,13.213,0.09300000000000001,13.173,0.087,0.03999999999999915,0.010612492638395562,hv1382,HV01382,10.947917,-73.24055600000001,4688855280717096448,10.947152533883289,0.0236734753688114,-73.24072849409424,0.0214898122923558,-0.02657752015618034,0.025527236669023,0.6758818660211255,-1.1973048990358308,15.028573999999999,0.9735403,,,,,VARIABLE,5349.0,,1.0076538953571146,SMC
143,HV01400,0.8227,13.69,0.063,13.674000000000001,0.076,0.015999999999998238,0.008226397213307361,hv1400,HV01400,11.36125,-72.453333,4689043361630672768,11.361412917764135,0.032924295043351814,-72.45310374837155,0.02282805139554732,0.017721018458121872,0.03036136689699958,0.9224741394695906,-1.166621643119752,15.378901500000001,0.90037537,,,,,VARIABLE,5538.25,,0.8440353743600741,SMC
144,HV01430,1.3797,12.085,0.046,12.09,0.045,-0.004999999999999005,0.005362550181065389,hv1430,HV01430,11.79375,-72.96055600000001,4688955782964714880,11.793504703608253,0.02669026098916797,-72.96050445334053,0.019824464881448886,-8.809856758594207e-05,0.022544461940996338,0.7447999098113804,-1.0343903723351509,14.194922,1.1770973,,,,,VARIABLE,4887.6665,,0.3184258968639592,SMC
145,HV01438,1.1351,12.762,0.019,12.719000000000001,0.017,0.04299999999999926,0.0021245914639969935,hv1438,HV01438,11.982083,-73.033333,4688951831595067136,11.981956501029382,0.029463067630378606,-73.0336138876082,0.018318038782504147,-0.08663725914878988,0.023736782907294387,0.6433423771890545,-1.1603694685056427,14.668458,1.0334405999999998,,,,,VARIABLE,5192.775,,1.019890195914958,SMC
146,HV01442,1.1844,12.654000000000002,0.024,12.604000000000001,0.026000000000000002,0.05000000000000071,0.002948634335492355,hv1442,HV01442,11.980833,-73.31,4685930854693508224,11.98050149700293,0.018713327482369438,-73.31026131455988,0.01654867805774692,-0.04152842777756696,0.019831261889523995,0.6112632833508295,-1.0748735119060802,14.637523000000002,1.0725756000000002,,,,,VARIABLE,5010.855,,1.001222327087654,SMC
147,HV01451,1.4782,11.630999999999998,0.04,11.659,0.039,-0.028000000000002245,0.004655492574487808,hv1451,HV01451,12.100833,-73.22555600000001,4685943464721223040,12.100942057859546,0.017396673798846615,-73.22591563074039,0.014702198425169496,-0.02783333628527159,0.017737498016678843,0.6368685487157277,-1.1886085080682554,13.787681,1.2476616000000003,,,,,VARIABLE,4876.0,,1.299619447846127,SMC
148,HV01478,1.2438,12.684000000000001,0.038,12.675,0.035,0.009000000000000341,0.004305197117696497,hv1478,HV01478,12.376667,-73.318333,4685928690029435264,12.376675117821641,0.02064916246372856,-73.31835737878265,0.017805607245686878,-0.02729975923102354,0.02217737642126295,0.5118693361331121,-1.095596694341037,14.930677,1.2546616000000002,,,,,VARIABLE,4831.0,,0.08816363375836038,SMC
149,HV01482,1.1993,12.600999999999999,0.03,12.557,0.027000000000000003,0.04399999999999871,0.0033634060117684276,hv1482,HV01482,12.437083,-73.13972199999999,4685945354507531392,12.435882037945685,0.021978458547890368,-73.13980433249739,0.016832256862767025,0.014172976846084963,0.02080970063691377,0.6011738187086053,-1.202805084187572,14.594655,1.0904398000000002,,,,,VARIABLE,5049.11,,1.2885222801265623,SMC
150,HV01501,1.4379,11.869000000000002,0.048,11.860999999999999,0.044000000000000004,0.008000000000002672,0.005426273532033236,hv1501,HV01501,12.660417,-72.95944399999999,4685957036821691392,12.660761199075642,0.020506477965216964,-72.95925068263186,0.013793690266415328,-0.0011085247302978416,0.01669239769796804,0.5264679687048007,-1.2365433739082332,13.962814999999999,1.1904306,,,,,VARIABLE,4900.5,,0.7849806047510368,SMC
151,HV01522,1.3454,12.138,0.042,12.144,0.042,-0.006000000000000227,0.004949747468305833,hv1522,HV01522,12.799167,-73.191389,4685938310759267968,12.79930587875041,0.12526522134356113,-73.19128740074392,0.08083891290687767,-0.2975851888989521,0.10156334162574676,0.5954216568219016,-0.8690808909638542,16.803158,,,,,,NOT_AVAILABLE,,,0.3932952214313801,SMC
152,HV01533,1.2158,12.689,0.035,12.685,0.033,0.0039999999999995595,0.004008671156935231,hv1533,HV01533,12.914583,-73.025,4685953085450651904,12.913906000111403,0.02488186722389834,-73.02516661548782,0.017507565624713402,0.0034984029999126603,0.02061308184224881,0.6007136619255535,-1.205392890372948,14.859301,1.1916866000000002,,,,,VARIABLE,4917.5,0.5098,0.9306337559390652,SMC
153,HV01543,1.3108,12.345999999999998,0.042,12.337,0.040999999999999995,0.008999999999998565,0.004891176863609729,hv1543,HV01543,12.954167,-73.365278,4685885740348741504,12.95485098843823,0.017934344921004406,-73.36543622924388,0.015010377992084687,-0.028355502986373213,0.018408624059260147,0.6400375059023607,-1.2100096868073205,14.474909,1.201704,,,,,VARIABLE,4887.6665,,0.9062826320170788,SMC
154,HV01553,1.0987,12.994000000000002,0.027999999999999997,12.95,0.018000000000000002,0.04400000000000226,0.002773886162848873,hv1553,HV01553,13.011667,-73.2275,4685934355075602304,13.012046609643836,1.0562218414440083,-73.2274591349009,0.8568354160006634,,,,,18.776802,,,,,,NOT_AVAILABLE,,,0.42090840183740025,SMC
155,HV01560,1.1906,12.594000000000001,0.035,12.589,0.032,0.005000000000000782,0.003951968567126459,hv1560,HV01560,13.14375,-72.97027800000001,4685954730357117056,13.143885686932359,0.02056068404846875,-72.9701696809822,0.015026660738872754,-0.011532351151861645,0.01842560313578725,0.7197791302332769,-1.2584251258429209,14.531141,1.0357609,,,,,VARIABLE,5224.4854,,0.4153619080679292,SMC
156,HV01610,1.0661,12.969000000000001,0.073,12.952,0.08800000000000001,0.017000000000001236,0.009528101711370541,hv1610,HV01610,13.620833,-72.410833,4689007047705199872,13.620006908307314,0.02213069824583421,-72.41092314513864,0.017110991914953917,-0.0191271962188184,0.0230284174109152,0.7516071287720564,-1.1530542617646384,14.65337,0.9353408999999999,,,,,VARIABLE,5392.0,,0.9554874372983524,SMC
157,HV01630,1.0569,12.993,0.091,12.95,0.076,0.04300000000000104,0.009880184996018828,hv1630,HV01630,13.7425,-73.065278,4685960610236424320,13.742381836963437,0.023156127714840703,-73.06552135933906,0.01564390156484087,-0.04308578825602636,0.021258587918576898,0.6682848339312191,-1.2247814609411578,14.735468,0.9745569,,,,,VARIABLE,5319.275,,0.8848123521424932,SMC
158,HV01682,1.0845,12.950999999999999,0.023,12.944,0.024,0.006999999999997897,0.002770128356432444,hv1682,HV01682,14.087082999999998,-73.3875,4685891375347648768,14.087117345256413,0.018926115749713663,-73.38721472041995,0.014911067212433831,-0.024302971704190855,0.018783248755412967,0.7550597010494371,-1.1513454300025685,14.579294,0.87122726,,,,,VARIABLE,5805.0,,1.0276146715906356,SMC
159,HV01689,0.8353,13.359000000000002,0.051,13.295,0.048,0.06400000000000183,0.005836308764964376,hv1689,HV01689,14.118332999999998,-72.441389,4688999626000359424,14.117344112793601,0.022354058376685575,-72.44141002819892,0.020319459874311024,-0.028361507702179413,0.02489804160886078,1.015064268293508,-1.4341824290952705,14.936112,0.820241,,,,,VARIABLE,5706.2075,,1.076647474838339,SMC
160,HV01695,1.1641,12.588,0.03,12.56,0.026000000000000002,0.027999999999998693,0.003308238873546535,hv1695,HV01695,14.157917000000001,-72.286111,4689013782215848064,14.156776272204805,0.020915369381752275,-72.28583172311808,0.016558598005427583,-0.03847721476528747,0.020141454261859062,0.7368115842927798,-1.2043858409506536,14.46601,0.97760487,,,,,VARIABLE,5350.3335,,1.6037731203739483,SMC
161,HV01705,1.0317,13.142999999999999,0.069,13.11,0.071,0.032999999999999474,0.0082504208646859,hv1705,HV01705,14.220417000000001,-72.869722,4685967653981973376,14.220133796217748,3.551397015570942,-72.869762580953,1.0709973675145217,,,,,19.757019,,,,,,NOT_AVAILABLE,,,0.3339489994913235,SMC
162,HV01744,1.1012,12.790999999999999,0.025,12.765,0.023,0.025999999999998025,0.002830881291910505,hv1744,HV01744,14.437083,-72.273611,4689013266819712128,14.436576011924405,0.02085675195400221,-72.2735554367097,0.01688054259180369,-0.03616123572176403,0.019238571307606527,0.8017292711004302,-1.2115453335926087,14.485542,0.89800453,,,,,VARIABLE,5612.1,,0.5906135902976902,SMC
163,HV01783,0.9111,13.504000000000001,0.078,13.520999999999999,0.10300000000000001,-0.016999999999997684,0.010766782765111923,hv1783,HV01783,14.71375,-71.906111,4690570862434585088,14.714168563625211,0.02717833828974993,-71.9059500470882,0.01971326672904897,-0.01876589526280421,0.02762548635316113,0.8325559109771808,-1.2097167156328206,15.104080999999999,0.84817886,,,,,VARIABLE,5657.906999999999,,0.7448154996936186,SMC
164,HV01787,1.2093,12.392999999999999,0.036000000000000004,12.386,0.033,0.006999999999999673,0.004069705149024927,hv1787,HV01787,14.772917000000001,-72.06277800000001,4690521345737369344,14.772817128810836,0.021342369197198882,-72.06237536468343,0.014639234276049504,-0.020090875752864425,0.01779019006861165,0.6762276327530551,-1.2131142032895053,14.218983999999999,0.9692745,,,,,VARIABLE,5320.0,,1.4537104063750976,SMC
165,HV01835,1.2107,12.51,0.035,12.504000000000001,0.036000000000000004,0.005999999999998451,0.004184130070211065,hv1835,HV01835,15.14,-72.788889,4685971777152811904,15.139440110459715,0.01944232851889274,-72.78926583679494,0.01504335772672514,-0.02796994119684064,0.01920279091094929,0.8368338375638755,-1.1211092170672396,14.455410999999998,1.0825329,,,,,VARIABLE,4946.0,,1.4819199101364542,SMC
166,HV01855,0.835,13.709000000000001,0.078,13.689,0.09,0.02000000000000135,0.009924716620639604,hv1855,HV01855,15.2475,-71.803611,4690573301975819904,15.248168565763734,0.03393972138566852,-71.80313993849428,0.02487052629634536,-0.009052603541907765,0.03408612943143585,1.0828031316913769,-1.1543178297408143,15.366925,0.9348469000000001,,,,,VARIABLE,5375.0,,1.8549176672262528,SMC
167,HV01873,1.1119,12.889000000000001,0.034,12.860999999999999,0.036000000000000004,0.028000000000002245,0.004126472801046649,hv1873,HV01873,15.445832999999999,-72.486111,4687491508336023168,15.446389830378973,0.019474308538202385,-72.48625275082348,0.01662909716368618,-0.01317452398532523,0.02004762552657971,0.8534380900383864,-1.208859416121856,14.632129,0.9198189,,,,,VARIABLE,5427.0,,0.7901410895643581,SMC
168,HV01877,1.6966,10.831,0.034,10.852,0.033,-0.021000000000000796,0.003948452580160712,hv1877,HV01877,15.455832999999998,-72.095833,4690507331280071424,15.456224814869568,0.020113579499940918,-72.09591679642321,0.014975138295373391,-0.02407119850113412,0.01775530107382146,0.6806144472674779,-1.2642343318152731,12.96312,1.2156811,174.09151209375358,7.5176864439208515,3.5,0.0,VARIABLE,4907.817,,0.5282433379345406,SMC
169,HV01884,1.2579,12.302,0.035,12.306,0.032,-0.0039999999999995595,0.003951968567126459,hv1884,HV01884,15.491667000000001,-72.197222,4690502551007602304,15.49125789028759,0.02079525775737286,-72.19707346401769,0.01545766045719304,-0.03913321572680082,0.018768027944389046,0.6829127610976299,-1.1704668446693254,14.322820000000002,1.1238803999999998,,,,,VARIABLE,4917.09,,0.6990725619564072,SMC
170,HV01925,1.2355,12.28,0.018000000000000002,12.242,0.015,0.03799999999999848,0.0019525624189766636,hv1925,HV01925,15.82375,-72.55111099999999,4687476905444322560,15.823672958195903,0.016096734153334145,-72.55128109158098,0.01370967776378586,-0.03584881375379738,0.01707112906955933,0.8035075873686861,-1.2035246417854528,13.8605995,0.83967495,,,,,VARIABLE,5775.5,,0.6179514444849729,SMC
171,HV01950,0.9025,13.322000000000001,0.066,13.307,0.11,0.015000000000000568,0.01069007847388305,hv1950,HV01950,15.9275,-71.873889,4690527225571936640,15.92800181409254,0.028302992779441788,-71.87356728855471,0.0195344904666323,-0.0590974510767036,0.02612201650308555,1.031287906108165,-1.1950397105245756,15.103723,0.95261097,,,,,VARIABLE,5365.0,,1.287330332424971,SMC
172,HV01954,1.2225,12.147,0.016,12.13,0.018000000000000002,0.01699999999999946,0.002006932429798716,hv1954,HV01954,16.002917,-72.233611,4687504187080507520,16.001230955814222,0.09324436274769864,-72.23368764415862,0.053761390562424405,-0.06573253098993455,0.06872764342287939,1.1138980831682173,-1.1161873176283832,16.639189000000002,,,,,,NOT_AVAILABLE,,,1.8725423335037168,SMC
173,HV01956,2.3197,9.454,0.059000000000000004,9.317,0.04,0.13700000000000045,0.005940094462398913,hv1956,HV01956,16.0625,-72.755556,4687423471738176512,16.064552600924014,0.022331730901735604,-72.75564024501699,0.018449563288761524,0.019288217141956672,0.02393297352143691,0.8646369251174999,-1.2112125818726964,12.097653999999999,1.5330553,172.88381401134004,5.870664061034835,4.5,0.0,VARIABLE,4372.0,,2.211458861970644,SMC
174,HV01967,1.4636,11.626,0.04,11.619000000000002,0.043,0.006999999999997897,0.004894015620008674,hv1967,HV01967,16.102917,-72.01,4690514409387546880,16.103063997402426,0.022062859448954232,-72.00955825144909,0.013274740560649263,-0.002607689475835017,0.016840752028382585,0.8221698763818335,-1.2370499782107325,13.537116000000001,1.08076,,,,,VARIABLE,5028.8975,,1.5986716711352151,SMC
175,HV01996,1.1535,12.915,0.034,12.919,0.035,-0.004000000000001336,0.004066290966251951,hv1996,HV01996,16.4725,-72.845,4687412996328135808,16.472968771116037,0.02190313978251312,-72.8447737361301,0.017056211567351362,-0.05089324295785021,0.02236683746839161,0.7296405430660621,-1.1434666630926285,14.953743,1.1184502,,,,,VARIABLE,4961.0,,0.954601109470418,SMC
176,HV02017,1.0573,12.905,0.10300000000000001,12.884,0.085,0.02099999999999902,0.011128666686635117,hv2017,HV02017,16.574167000000003,-71.891944,4690538736077328128,16.575045801378373,0.022713794092343063,-71.89161686259577,0.016602544435385357,0.04392578260215882,0.02089632321374577,1.022796964123695,-1.1850693294264385,14.4789505,0.8564491,,,,,VARIABLE,5770.0,1.381,1.5342329049587633,SMC
177,HV02052,1.0996,12.662,0.028999999999999998,12.645999999999999,0.023,0.01600000000000179,0.003084459253886958,hv2052,HV02052,17.03,-73.057222,4687206975327099520,17.030393040458875,0.015935239436847153,-73.05751077809605,0.012350634004808509,0.0022063743681681475,0.014996075014740947,0.9846884741653872,-1.323057929868543,14.090504000000001,0.76584244,,,,,VARIABLE,5929.4,0.4157,1.1183875711214797,SMC
178,HV02060,1.0079,12.828,0.051,12.793,0.059000000000000004,0.03500000000000014,0.00649893153611508,hv2060,HV02060,16.989167000000002,-72.281667,4687509684629397760,16.988777215965325,0.02292564005331948,-72.28159615945107,0.016630774161965036,-0.005040735586372955,0.02217556620270005,1.1227716912652683,-1.3068541448002682,14.248389000000001,0.7567358000000001,,,,,VARIABLE,5668.1377,,0.497407139986881,SMC
179,HV02063,1.0479,12.925999999999998,0.08199999999999999,12.925999999999998,0.08,0.0,0.009546668994413124,hv2063,HV02063,16.934583,-71.791111,4690540935100437888,16.934534168546964,0.017812982215495692,-71.790694494541,0.016134143028811734,-0.011633199194968436,0.019040851663160267,1.0214697165129665,-1.2649409730486545,14.625229999999998,0.9331913000000001,,,,,VARIABLE,5410.5,,1.5004255780673004,SMC
180,HV02064,1.5273,11.548,0.042,11.562000000000001,0.042,-0.014000000000001123,0.004949747468305833,hv2064,HV02064,17.04875,-72.52166700000001,4687455911636934016,17.048268330376345,0.017475814401142375,-72.52176854231806,0.013393055930743577,-0.00695451173148741,0.01800064563750344,0.8328189915560712,-1.1660177794851712,13.550122,1.0837135,,,,,VARIABLE,5034.5576,,0.6362871471529932,SMC
181,HV02088,1.1638,12.762,0.042,12.765,0.045,-0.0030000000000001137,0.005129571132170797,hv2088,HV02088,17.119167,-71.41583299999999,4690566979781567360,17.120472585828008,0.018678380483451884,-71.41539093649325,0.014907134636639112,0.010254596579807622,0.018705587481082718,0.7893129488557327,-1.1992005705611055,14.635448,1.0614195,,,,,VARIABLE,5245.008000000001,,2.1855064273554734,SMC
182,HV02103,0.9535,13.319,0.071,13.29,0.086,0.02900000000000169,0.009293441534520759,hv2103,HV02103,17.546667000000003,-73.17694399999999,4687156157270240384,17.547456898032028,0.02637692820634447,-73.17684688594295,0.01791465957249124,-0.012709529197976216,0.02276780728533348,0.8589240186431261,-1.2427719528097716,14.978781,0.8983574000000001,,,,,VARIABLE,5612.1,,0.8941774519793521,SMC
183,HV02189,1.1294,12.722000000000001,0.032,12.707,0.032,0.015000000000000568,0.0037712361663282535,hv2189,HV02189,18.365833,-72.472778,4687447493500041600,18.365593441816166,0.022387474148446586,-72.47281987707527,0.01571410862797893,-0.02615728873290582,0.019002293297030882,1.105894741184286,-1.1244419035128466,14.547826,0.9727869,,,,,VARIABLE,5381.0,,0.30030537696241816,SMC
184,HV02195,1.6214,10.994000000000002,0.027000000000000003,11.009,0.023,-0.014999999999998792,0.0029556913084947,hv2195,HV02195,18.617082999999997,-72.664722,4687243705890123776,18.616950179839872,0.017908842884141806,-72.66487531166015,0.014828525972255396,-0.02428950990184666,0.017329388827968747,1.007922307369916,-1.2043223373430174,12.884989,1.0941381000000001,144.83614936044683,6.161135827764039,1.0,-0.5,VARIABLE,5022.1997,,0.5700139100550163,SMC
185,HV02201,1.0512,12.747,0.068,12.76,0.09699999999999999,-0.0129999999999999,0.009871747002880942,hv2201,HV02201,18.597917000000002,-71.96305600000001,4687567512047804160,18.597797435279016,0.019870541001531544,-71.96258745276174,0.014526539940158869,0.010930021204962477,0.019790632672259903,1.0922820667852042,-1.1075345268034475,14.274970999999999,0.8100338,,,,,VARIABLE,5804.0,,1.6920271598817302,SMC
186,HV02202,1.1203,12.595,0.028999999999999998,12.577,0.03,0.018000000000000682,0.0034771076741708443,hv2202,HV02202,18.828332999999997,-72.69555600000001,4687242503299303040,18.828457614255907,0.01722287643154164,-72.695641009478,0.013089785793370631,0.002439324638502143,0.0164508570361171,1.148036887526143,-1.2558852315412534,14.316053,0.94367886,,,,,VARIABLE,5392.75,0.7133,0.33386037994974577,SMC
187,HV02205,1.4053,11.876,0.048,11.882,0.049,-0.006000000000000227,0.005716083546547506,hv2205,HV02205,19.24375,-73.719444,4686338086250442624,19.24255019195729,0.01797852493160399,-73.71962381460246,0.015524795607464528,-0.024250616286434563,0.018379369765900648,0.99568845987962,-1.1062870214787677,13.973835000000001,1.1749821000000003,,,,,VARIABLE,4896.7197,,1.3730449013422792,SMC
188,HV02209,1.3551,11.788,0.018000000000000002,11.757,0.017,0.031000000000000583,0.0020632364005233246,hv2209,HV02209,19.47125,-73.623611,4686344889478610176,19.470838246214512,0.013973025997012865,-73.62365875458566,0.011726530915984804,-0.05285009315385334,0.013941886239780264,0.978358736832254,-1.17683475791847,13.461521,0.88390255,,,,,VARIABLE,5623.5605,,0.4519097425993092,SMC
189,HV02227,1.0957,12.79,0.031,12.780999999999999,0.034,0.009000000000000341,0.003834239023442447,hv2227,HV02227,21.554582999999997,-74.134722,4686161683350837248,21.55419855291617,0.019958302260187428,-74.13447223801515,0.015807594516033144,-0.015195526820319103,0.02027354885581897,1.1745281588051435,-1.2205113299005776,14.603109,1.0162268,,,,,VARIABLE,5333.06,,0.9755067607800284,SMC
190,HV02229,1.0191,12.862,0.09,12.843,0.084,0.019000000000000128,0.010259142264341594,hv2229,HV02229,21.76875,-73.818889,4686221671156164864,21.768294699793913,0.02151872969950318,-73.81892889421782,0.018007107141048685,-0.04890521328617013,0.02169835399671516,1.169711813470451,-1.2941443516131352,14.479503,0.8249283000000002,,,,,VARIABLE,5857.5,,0.4788160572936221,SMC
191,HV02231,1.5646,11.234000000000002,0.028999999999999998,11.259,0.027999999999999997,-0.02499999999999858,0.003359274061791062,hv2231,HV02231,22.605417000000003,-73.311667,4686455871431637888,22.606365069284006,0.017348105444458126,-73.31142406419481,0.01251212684744889,-0.025589700176773485,0.0140906911451036,1.0930010940614303,-1.1575113537666295,13.335501,1.201292,,,,,VARIABLE,4952.6665,,1.3135828388199895,SMC
192,HV10355,1.0017,13.337,0.067,13.322000000000001,0.057,0.014999999999998792,0.00733049187374975,hv10355,HV10355,12.273333000000001,-73.069722,4685949615116332160,12.272596370988786,0.029134061970123373,-73.06986824884972,0.019430668607357628,0.013615647600285307,0.024520698223795764,0.86226120659004,-1.0918509113151769,15.16453,0.9518814,,,,,VARIABLE,5355.0,,0.9346405764107064,SMC
193,HV10366,1.1504,12.591,0.018000000000000002,12.558,0.017,0.032999999999999474,0.0020632364005233246,hv10366,HV10366,16.229167,-74.208056,4684849794187435776,16.229588199813907,0.020734013574622286,-74.20805362364355,0.017848514163759786,-0.005214783124417983,0.0199186561540698,0.8095342813453614,-1.2129234595425094,14.048426000000001,0.77387905,,,,,VARIABLE,5939.5,,0.4127473496420302,SMC
194,HV11112,0.8255,13.875,0.047,13.817,0.068,0.05799999999999983,0.006888496852644189,hv11112,HV11112,6.029583000000001,-73.940556,4688421866945610240,6.030109682959093,0.028917559254069018,-73.94064310794585,0.024529942269935767,-0.04948096430957268,0.03003531045053445,0.4196419779599703,-1.0619119164508182,15.575505,0.8825959999999999,,,,,VARIABLE,5449.83,,0.6111076946745302,SMC
195,HV11116,1.0206,13.324000000000002,0.078,13.273,0.061,0.05100000000000193,0.008251683329950184,hv11116,HV11116,11.26625,-73.308611,4685851243146073344,11.264855279542052,0.028244166778754982,-73.30775490305417,0.02671793166853506,-0.03497818274807557,0.029107531907582418,0.6203843221724445,-0.9728898439063768,15.305710999999999,0.9955511,,,,,VARIABLE,5250.0,,3.402675698098529,SMC
196,HV11129,1.3888,12.152000000000001,0.045,12.154000000000002,0.043,-0.002000000000000668,0.005186788773198479,hv11129,HV11129,12.026667,-72.873889,4688957397871848320,12.02605960326803,0.02195770743041937,-72.8739382543112,0.016231946643017692,0.04288303592488458,0.020682648546464025,0.6826100670125579,-1.2038038198162648,14.501148,1.3079348,,,,,VARIABLE,4900.0,,0.6678763103034376,SMC
197,HV11157,1.8388,10.501,0.019,10.529000000000002,0.016,-0.028000000000002245,0.00206995705806237,hv11157,HV11157,13.23625,-71.9175,4689268280459336320,13.236711165282935,0.029326246143291726,-71.91757348650768,0.02128024079951021,-0.030189778616528357,0.028219307942547338,0.6276405565026739,-1.1296839374210088,12.665885000000001,1.2520056,,,,,VARIABLE,4773.735,,0.5792426095489224,SMC
198,HV11182,1.5932,11.343,0.033,11.376,0.028999999999999998,-0.032999999999999474,0.003660980439414799,hv11182,HV11182,14.391667000000002,-72.07055600000001,4689067658270101760,14.391276350700991,0.01853717047259288,-72.07023378928751,0.011597095355771641,0.028005756923222828,0.016356390050841628,0.8250223024804205,-1.2596497412583314,13.529763,1.2637996999999999,,,,,VARIABLE,4835.4165,,1.238119408823017,SMC
199,HV11211,1.3302,11.786,0.046,11.780999999999999,0.040999999999999995,0.005000000000000782,0.005134983501001298,hv11211,HV11211,35.20625,-73.08555600000001,4644478166748030976,35.20622149696625,0.016637520238883437,-73.08564909240883,0.0127364501730426,-0.05196149558683905,0.014601887594605753,1.5421361823530226,-1.0179092513179495,13.757372,1.1010075000000001,,,,,VARIABLE,5054.82,,0.3364597486516129,SMC
200,HV12108,1.1935,12.495,0.024,12.458,0.026000000000000002,0.036999999999999034,0.002948634335492355,hv12108,HV12108,13.474582999999999,-72.45222199999999,4689005432797657856,13.47448045795676,0.018369083040477324,-72.45232567007339,0.015922140388063288,0.003262797174590673,0.02015881844573851,0.697867311579365,-1.2354625839486268,14.304858,0.9887667,,,,,VARIABLE,5320.0,,0.3894546202662012,SMC
201,HV12951,1.4773,11.735,0.034,11.753,0.027999999999999997,-0.018000000000000682,0.0036704525909242065,hv12951,HV12951,17.06375,-72.503333,4687456701910913792,17.06321478625556,0.02009157065441932,-72.50320359378222,0.014629056672890113,-0.03528414786171183,0.021732671768793253,0.8924217995911512,-1.1213456892098943,13.811596,1.1653795,,,,,VARIABLE,4890.895,,0.7433706715859857,SMC
